Company Name,Job Title,Link,Location
figma,Software Engineer, Creation Engine ,https://boards.greenhouse.io/figma/jobs/4754116004,San Francisco, CA • New York, NY • Seattle, WA • United States
figma,Software Engineer, Databases,https://boards.greenhouse.io/figma/jobs/5145602004,San Francisco, CA • New York, NY • United States
figma,Software Engineer, Data Infrastructure,https://boards.greenhouse.io/figma/jobs/5145550004,San Francisco, CA • New York, NY • United States
figma,Software Engineer, Editor,https://boards.greenhouse.io/figma/jobs/4214847004,San Francisco, CA • New York, NY • Seattle, WA • United States
figma,Software Engineer, FigJam,https://boards.greenhouse.io/figma/jobs/5118687004,San Francisco, CA • New York, NY • United States
figma,Software Engineer, Growth,https://boards.greenhouse.io/figma/jobs/4214913004,San Francisco, CA • New York, NY • Seattle, WA • United States
figma,Software Engineer, Livegraph,https://boards.greenhouse.io/figma/jobs/5147734004,San Francisco, CA • New York, NY • United States
figma,Software Engineer, Server Platform,https://boards.greenhouse.io/figma/jobs/5145924004,San Francisco, CA • New York, NY • United States
figma,Software Engineer, Tablet ,https://boards.greenhouse.io/figma/jobs/5062717004,San Francisco, CA • New York, NY • United States
figma,Software Engineer, Teamwork,https://boards.greenhouse.io/figma/jobs/4214883004,San Francisco, CA • New York, NY • Seattle, WA • United States
figma,Software Engineer, Traffic,https://boards.greenhouse.io/figma/jobs/5066891004,San Francisco, CA • New York, NY • United States
affirm,Senior Software Engineer, Backend (Disclosures),https://boards.greenhouse.io/affirm/jobs/5842402003,Remote US
affirm,Software Engineer II, Backend (Checkout),https://boards.greenhouse.io/affirm/jobs/5828240003,Remote US
affirm,Software Engineer II, Backend (Disclosures),https://boards.greenhouse.io/affirm/jobs/5912881003,Remote US
affirm,Software Engineer II, Fullstack (Checkout Experience),https://boards.greenhouse.io/affirm/jobs/5882470003,Remote US
affirm,Software Engineer II, Backend (Issuing) ,https://boards.greenhouse.io/affirm/jobs/5907584003,Remote US
affirm,Software Engineer II, Fullstack (Capital Orchestration),https://boards.greenhouse.io/affirm/jobs/5919121003,Remote US
affirm,Senior Software Engineer (Online Storage),https://boards.greenhouse.io/affirm/jobs/5850217003,Remote US
affirm,Senior Software Engineer (Online Storage SRE),https://boards.greenhouse.io/affirm/jobs/5917557003,Remote US
affirm,Senior Software Engineer, Backend (Identity Decisioning),https://boards.greenhouse.io/affirm/jobs/5883412003,Remote US
affirm,Senior Software Engineer, Backend (Identity Decisioning),https://boards.greenhouse.io/affirm/jobs/5883414003,Remote US
affirm,Senior Software Engineer, Backend (T&amp;S Foundations),https://boards.greenhouse.io/affirm/jobs/5880937003,Remote US
affirm,Senior Software Engineer, Backend (Disclosures),https://boards.greenhouse.io/affirm/jobs/5842402003,Remote US
affirm,Software Engineer II, Backend (Checkout),https://boards.greenhouse.io/affirm/jobs/5828240003,Remote US
affirm,Software Engineer II, Backend (Disclosures),https://boards.greenhouse.io/affirm/jobs/5912881003,Remote US
affirm,Software Engineer II, Fullstack (Checkout Experience),https://boards.greenhouse.io/affirm/jobs/5882470003,Remote US
affirm,Software Engineer II, Backend (Issuing) ,https://boards.greenhouse.io/affirm/jobs/5907584003,Remote US
affirm,Software Engineer II, Fullstack (Capital Orchestration),https://boards.greenhouse.io/affirm/jobs/5919121003,Remote US
affirm,Senior Software Engineer (Online Storage),https://boards.greenhouse.io/affirm/jobs/5850217003,Remote US
affirm,Senior Software Engineer (Online Storage SRE),https://boards.greenhouse.io/affirm/jobs/5917557003,Remote US
affirm,Senior Software Engineer, Backend (Identity Decisioning),https://boards.greenhouse.io/affirm/jobs/5883412003,Remote US
affirm,Senior Software Engineer, Backend (Identity Decisioning),https://boards.greenhouse.io/affirm/jobs/5883414003,Remote US
affirm,Senior Software Engineer, Backend (T&amp;S Foundations),https://boards.greenhouse.io/affirm/jobs/5880937003,Remote US
affirm,Senior Software Engineer, Backend (Disclosures),https://boards.greenhouse.io/affirm/jobs/5842402003,Remote US
affirm,Software Engineer II, Backend (Checkout),https://boards.greenhouse.io/affirm/jobs/5828240003,Remote US
affirm,Software Engineer II, Backend (Disclosures),https://boards.greenhouse.io/affirm/jobs/5912881003,Remote US
affirm,Software Engineer II, Fullstack (Checkout Experience),https://boards.greenhouse.io/affirm/jobs/5882470003,Remote US
affirm,Software Engineer II, Backend (Issuing) ,https://boards.greenhouse.io/affirm/jobs/5907584003,Remote US
affirm,Software Engineer II, Fullstack (Capital Orchestration),https://boards.greenhouse.io/affirm/jobs/5919121003,Remote US
affirm,Senior Software Engineer (Online Storage),https://boards.greenhouse.io/affirm/jobs/5850217003,Remote US
affirm,Senior Software Engineer (Online Storage SRE),https://boards.greenhouse.io/affirm/jobs/5917557003,Remote US
affirm,Senior Software Engineer, Backend (Identity Decisioning),https://boards.greenhouse.io/affirm/jobs/5883412003,Remote US
affirm,Senior Software Engineer, Backend (Identity Decisioning),https://boards.greenhouse.io/affirm/jobs/5883414003,Remote US
affirm,Senior Software Engineer, Backend (T&amp;S Foundations),https://boards.greenhouse.io/affirm/jobs/5880937003,Remote US
january,Senior Software Engineer - Borrower Experience (New York City &amp; San Francisco),https://boards.greenhouse.io/january/jobs/4088546007,New York, New York, United States
january,Senior Software Engineer - Operational Excellence (New York City &amp; San Francisco),https://boards.greenhouse.io/january/jobs/4000256007,New York, New York, United States
january,Software Engineer - Borrower Experience (New York City),https://boards.greenhouse.io/january/jobs/4017062007,New York, New York, United States
january,Software Engineer - Platform (New York City),https://boards.greenhouse.io/january/jobs/4150027007,New York, New York, United States
twilio,Software Engineer - Commerce Platform Billing Pipeline,https://boards.greenhouse.io/twilio/jobs/5830954,Remote - US
twilio,Software Engineer - Data &amp; Analytics ,https://boards.greenhouse.io/twilio/jobs/5767759,Remote - US
twilio,Software Engineer (L3) - Data Infrastructure / AI,https://boards.greenhouse.io/twilio/jobs/5664270,Remote - US
twilio,Software Engineer - Commerce Platform Billing Pipeline,https://boards.greenhouse.io/twilio/jobs/5830954,Remote - US
twilio,Software Engineer - Data &amp; Analytics ,https://boards.greenhouse.io/twilio/jobs/5767759,Remote - US
twilio,Software Engineer (L3) - Data Infrastructure / AI,https://boards.greenhouse.io/twilio/jobs/5664270,Remote - US
angi,Senior Software Engineer,https://boards.greenhouse.io/angi/jobs/7309189002,New York, NY - Remote
angi,Senior Software Engineer (Foundation Team),https://boards.greenhouse.io/angi/jobs/7107795002,New York, NY - Remote
angi,Software Engineer ,https://boards.greenhouse.io/angi/jobs/7107810002,New York, NY - Remote
angi,Senior Software Engineer,https://boards.greenhouse.io/angi/jobs/7309189002,New York, NY - Remote
angi,Senior Software Engineer (Foundation Team),https://boards.greenhouse.io/angi/jobs/7107795002,New York, NY - Remote
angi,Software Engineer ,https://boards.greenhouse.io/angi/jobs/7107810002,New York, NY - Remote
seyond,Software Engineer,https://boards.greenhouse.io/seyond/jobs/5077166004,Sunnyvale, CA
scaleai,Applied AI Software Engineer,https://boards.greenhouse.io/scaleai/jobs/4372864005,San Francisco, CA; New York, NY
scaleai,Senior Software Engineer, Computer Vision Data Engine,https://boards.greenhouse.io/scaleai/jobs/4367845005,San Francisco, CA
scaleai,Software Engineer, Billing Platform,https://boards.greenhouse.io/scaleai/jobs/4378980005,San Francisco, CA; New York, NY
scaleai,Software Engineer, Computer Vision Data Engine,https://boards.greenhouse.io/scaleai/jobs/4366302005,San Francisco, CA; New York, NY
scaleai,Software Engineer (Customer Facing), Federal,https://boards.greenhouse.io/scaleai/jobs/4364480005,San Francisco, CA; St. Louis, MO; Washington, DC
scaleai,Software Engineer, Federal,https://boards.greenhouse.io/scaleai/jobs/4302243005,San Francisco, CA; New York, NY; Washington, DC
scaleai,Software Engineer, GenAI Safety &amp; Evaluation,https://boards.greenhouse.io/scaleai/jobs/4398190005,San Francisco, CA
scaleai,Software Engineer, Generative AI,https://boards.greenhouse.io/scaleai/jobs/4344064005,San Francisco, CA; New York, NY
scaleai,Applied AI Software Engineer,https://boards.greenhouse.io/scaleai/jobs/4372864005,San Francisco, CA; New York, NY
scaleai,Senior Software Engineer, Computer Vision Data Engine,https://boards.greenhouse.io/scaleai/jobs/4367845005,San Francisco, CA
scaleai,Software Engineer, Billing Platform,https://boards.greenhouse.io/scaleai/jobs/4378980005,San Francisco, CA; New York, NY
scaleai,Software Engineer, Computer Vision Data Engine,https://boards.greenhouse.io/scaleai/jobs/4366302005,San Francisco, CA; New York, NY
scaleai,Software Engineer (Customer Facing), Federal,https://boards.greenhouse.io/scaleai/jobs/4364480005,San Francisco, CA; St. Louis, MO; Washington, DC
scaleai,Software Engineer, Federal,https://boards.greenhouse.io/scaleai/jobs/4302243005,San Francisco, CA; New York, NY; Washington, DC
scaleai,Software Engineer, GenAI Safety &amp; Evaluation,https://boards.greenhouse.io/scaleai/jobs/4398190005,San Francisco, CA
scaleai,Software Engineer, Generative AI,https://boards.greenhouse.io/scaleai/jobs/4344064005,San Francisco, CA; New York, NY
onxmaps,Geospatial Software Engineer,https://boards.greenhouse.io/onxmaps/jobs/4352298006,Bozeman, Montana, United States
boxinc,Senior Software Engineer, Metadata Infra,https://boards.greenhouse.io/boxinc/jobs/5660506,Redwood City, California 
boxinc,Senior Fullstack Software Engineer, Archive,https://boards.greenhouse.io/boxinc/jobs/5660947,Redwood City, CA
boxinc,Senior Software Engineer, Metadata Infra,https://boards.greenhouse.io/boxinc/jobs/5660506,Redwood City, California 
boxinc,Senior Fullstack Software Engineer, Archive,https://boards.greenhouse.io/boxinc/jobs/5660947,Redwood City, CA
boxinc,Senior Software Engineer, Metadata Infra,https://boards.greenhouse.io/boxinc/jobs/5660506,Redwood City, California 
boxinc,Senior Fullstack Software Engineer, Archive,https://boards.greenhouse.io/boxinc/jobs/5660947,Redwood City, CA
kininsurance,Senior Software Engineer, Back-End Focus,https://boards.greenhouse.io/kininsurance/jobs/5060445004,Remote; Chicago, IL
kininsurance,Senior Software Engineer, Front-End Focus,https://boards.greenhouse.io/kininsurance/jobs/5090062004,Remote; Chicago, IL
kininsurance,Software Engineer, Back-End Focus,https://boards.greenhouse.io/kininsurance/jobs/4490359004,Remote; Chicago, IL
kininsurance,Software Engineer, Front-End Focus,https://boards.greenhouse.io/kininsurance/jobs/5068786004,Remote; Chicago, IL
altentechnologyusa,Embedded Software Engineer,https://boards.greenhouse.io/altentechnologyusa/jobs/4273906007,Centennial, CO
altentechnologyusa,Embedded Software Engineer,https://boards.greenhouse.io/altentechnologyusa/jobs/4246728007,Greensboro, NC
altentechnologyusa,Embedded Software Engineer – Autosar,https://boards.greenhouse.io/altentechnologyusa/jobs/4332680007,Livonia, Michigan, United States
altentechnologyusa,Infotainment Developer,https://boards.greenhouse.io/altentechnologyusa/jobs/4342218007,Warren, Michigan, United States
altentechnologyusa,Software and Automation Engineer,https://boards.greenhouse.io/altentechnologyusa/jobs/4321821007,Houston, Texas, United States
altentechnologyusa,Software Engineer II,https://boards.greenhouse.io/altentechnologyusa/jobs/4200951007,Westminster, CO
altentechnologyusa,Software Integration and Test Engineer,https://boards.greenhouse.io/altentechnologyusa/jobs/4332985007,Denver, CO
altentechnologyusa,Software Engineer II,https://boards.greenhouse.io/altentechnologyusa/jobs/4200951007,Westminster, CO
altentechnologyusa,Software Integration and Test Engineer,https://boards.greenhouse.io/altentechnologyusa/jobs/4332985007,Denver, CO
wileyedgerecruitingportal,Junior Software Engineer,https://boards.greenhouse.io/wileyedgerecruitingportal/jobs/4310129006,Jersey City, New Jersey, United States
wileyedgerecruitingportal,Junior Software Engineer,https://boards.greenhouse.io/wileyedgerecruitingportal/jobs/4349017006,USA
systemstechnologyresearch,Exploit Developer,https://boards.greenhouse.io/systemstechnologyresearch/jobs/4266314006,Woburn, MA
systemstechnologyresearch,Senior Software Reverse Engineer,https://boards.greenhouse.io/systemstechnologyresearch/jobs/4329705006,Melbourne, FL
systemstechnologyresearch,Senior Software Reverse Engineer,https://boards.greenhouse.io/systemstechnologyresearch/jobs/4329706006,Arlington, VA
systemstechnologyresearch,Senior Software Reverse Engineer,https://boards.greenhouse.io/systemstechnologyresearch/jobs/4329704006,Woburn, MA
systemstechnologyresearch,Software Engineer - Emulation Tooling and Modeling,https://boards.greenhouse.io/systemstechnologyresearch/jobs/4299857006,Melbourne, FL
systemstechnologyresearch,Software Engineer - Emulation Tooling and Modeling,https://boards.greenhouse.io/systemstechnologyresearch/jobs/4266324006,Woburn, MA
systemstechnologyresearch,Software Engineer - Vulnerability Research Tools,https://boards.greenhouse.io/systemstechnologyresearch/jobs/4318811006,Woburn, MA
systemstechnologyresearch,Software Reverse Engineer,https://boards.greenhouse.io/systemstechnologyresearch/jobs/4300362006,Melbourne, FL
systemstechnologyresearch,Software Reverse Engineer,https://boards.greenhouse.io/systemstechnologyresearch/jobs/4300359006,Woburn, MA
systemstechnologyresearch,Senior Cyber Software Engineer,https://boards.greenhouse.io/systemstechnologyresearch/jobs/4300184006,Woburn, MA
systemstechnologyresearch,Senior Systems Software Engineer,https://boards.greenhouse.io/systemstechnologyresearch/jobs/4337888006,Woburn, MA
systemstechnologyresearch,Senior Systems Software Engineer,https://boards.greenhouse.io/systemstechnologyresearch/jobs/4337914006,Arlington, VA
systemstechnologyresearch,Exploit Developer,https://boards.greenhouse.io/systemstechnologyresearch/jobs/4266314006,Woburn, MA
systemstechnologyresearch,Senior Software Reverse Engineer,https://boards.greenhouse.io/systemstechnologyresearch/jobs/4329705006,Melbourne, FL
systemstechnologyresearch,Senior Software Reverse Engineer,https://boards.greenhouse.io/systemstechnologyresearch/jobs/4329706006,Arlington, VA
systemstechnologyresearch,Senior Software Reverse Engineer,https://boards.greenhouse.io/systemstechnologyresearch/jobs/4329704006,Woburn, MA
systemstechnologyresearch,Software Engineer - Emulation Tooling and Modeling,https://boards.greenhouse.io/systemstechnologyresearch/jobs/4299857006,Melbourne, FL
systemstechnologyresearch,Software Engineer - Emulation Tooling and Modeling,https://boards.greenhouse.io/systemstechnologyresearch/jobs/4266324006,Woburn, MA
systemstechnologyresearch,Software Engineer - Vulnerability Research Tools,https://boards.greenhouse.io/systemstechnologyresearch/jobs/4318811006,Woburn, MA
systemstechnologyresearch,Software Reverse Engineer,https://boards.greenhouse.io/systemstechnologyresearch/jobs/4300362006,Melbourne, FL
systemstechnologyresearch,Software Reverse Engineer,https://boards.greenhouse.io/systemstechnologyresearch/jobs/4300359006,Woburn, MA
systemstechnologyresearch,Senior Cyber Software Engineer,https://boards.greenhouse.io/systemstechnologyresearch/jobs/4300184006,Woburn, MA
systemstechnologyresearch,Senior Systems Software Engineer,https://boards.greenhouse.io/systemstechnologyresearch/jobs/4337888006,Woburn, MA
systemstechnologyresearch,Senior Systems Software Engineer,https://boards.greenhouse.io/systemstechnologyresearch/jobs/4337914006,Arlington, VA
systemstechnologyresearch,Software Developer ,https://boards.greenhouse.io/systemstechnologyresearch/jobs/4334503006,Woburn, MA
systemstechnologyresearch,Software Developer,https://boards.greenhouse.io/systemstechnologyresearch/jobs/4353667006,Arlington, VA
systemstechnologyresearch,Software Developer ,https://boards.greenhouse.io/systemstechnologyresearch/jobs/4334503006,Woburn, MA
systemstechnologyresearch,Software Developer,https://boards.greenhouse.io/systemstechnologyresearch/jobs/4353667006,Arlington, VA